{
  "setosa": {
    "precision": 1.0,
    "recall": 1.0,
    "f1-score": 1.0,
    "support": 10.0
  },
  "versicolor": {
    "precision": 1.0,
    "recall": 1.0,
    "f1-score": 1.0,
    "support": 9.0
  },
  "virginica": {
    "precision": 1.0,
    "recall": 1.0,
    "f1-score": 1.0,
    "support": 11.0
  },
  "accuracy": 1.0,
  "macro avg": {
    "precision": 1.0,
    "recall": 1.0,
    "f1-score": 1.0,
    "support": 30.0
  },
  "weighted avg": {
    "precision": 1.0,
    "recall": 1.0,
    "f1-score": 1.0,
    "support": 30.0
  }
}